
[
    {
        "id": "fae0d1065bdd70e29a50a7d2f501111d",
        "key": "fae0d1065bdd70e29a50a7d2f501111d",
        "value": {
            "rev": "1-3f649ca5b18188ecdc1e4be3e96445fb"
        },
        "doc": {
            "_id": "fae0d1065bdd70e29a50a7d2f501111d",
            "_rev": "1-3f649ca5b18188ecdc1e4be3e96445fb",
            "idCurso": 0,
            "tipo": "curso",
            "nombre": "circuitos",
            "categoria": "tecnologia",
            "modalidad": "remoto",
            "gratuito": false,
            "precio": 3000000,
            "duracion": 70,
            "certificado": true,
            "calificacion_promedio": 5
        }
    },
    {
        "id": "fae0d1065bdd70e29a50a7d2f5040351",
        "key": "fae0d1065bdd70e29a50a7d2f5040351",
        "value": {
            "rev": "1-c649dd6eec22e980155145043ddefcc8"
        },
        "doc": {
            "_id": "fae0d1065bdd70e29a50a7d2f5040351",
            "_rev": "1-c649dd6eec22e980155145043ddefcc8",
            "idUsuario": 0,
            "tipo": "usuario",
            "nombre": "perea",
            "carrera": "diseño",
            "semestre": 2,
            "curso": "fae0d1065bdd70e29a50a7d2f501111d"
        }
    },
    {
        "id": "fae0d1065bdd70e29a50a7d2f5041364",
        "key": "fae0d1065bdd70e29a50a7d2f5041364",
        "value": {
            "rev": "1-111557668211a1e552c9b7271c1f2e69"
        },
        "doc": {
            "_id": "fae0d1065bdd70e29a50a7d2f5041364",
            "_rev": "1-111557668211a1e552c9b7271c1f2e69",
            "idTutor": 0,
            "tipo": "tutor",
            "nombre": "cristian",
            "carrera": "publicidad",
            "semestre": 5,
            "calificacion_promedio": 3.9,
            "curso": "fae0d1065bdd70e29a50a7d2f501111d"
        }
    }
]