{
    "total_rows": 6,
    "offset": 0,
    "rows": [
        {
            "id": "_design/cursos",
            "key": "_design/cursos",
            "value": {
                "rev": "4-b471e90eaddb5404dc7a6ecad730af9e"
            },
            "doc": {
                "_id": "_design/cursos",
                "_rev": "4-b471e90eaddb5404dc7a6ecad730af9e",
                "views": {
                    "buscar_por_nombre": {
                        "map": "function(doc) { if (doc.tipo === 'curso' && doc.nombre) { emit(doc.nombre, doc); } }"
                    },
                    "buscar_por_categoria": {
                        "map": "function(doc) { if (doc.tipo === 'curso' && doc.categoria) { emit(doc.categoria, doc); } }"
                    },
                    "buscar_por_modalidad": {
                        "map": "function(doc) { if (doc.tipo === 'curso' && doc.modalidad) { emit(doc.modalidad, doc); } }"
                    },
                    "buscar_por_gratuito": {
                        "map": "function(doc) { if (doc.tipo === 'curso' && doc.gratuito) { emit(doc.gratuito, doc); } }"
                    },
                    "buscar_por_certificado": {
                        "map": "function(doc) { if (doc.tipo === 'curso' && doc.certificado) { emit(doc.certificado, doc); } }"
                    },
                    "buscar_por_calificacion_promedio": {
                        "map": "function(doc) { if (doc.tipo === 'curso' && doc.calificacion_promedio) { emit(doc.calificacion_promedio, doc); } }"
                    }
                },
                "language": "javascript"
            }
        },
        {
            "id": "_design/tutores",
            "key": "_design/tutores",
            "value": {
                "rev": "2-52e9a0ae7b62d7df89163251437fa4af"
            },
            "doc": {
                "_id": "_design/tutores",
                "_rev": "2-52e9a0ae7b62d7df89163251437fa4af",
                "views": {
                    "buscar_por_nombre": {
                        "map": "function(doc) { if (doc.tipo === 'tutor' && doc.nombre) { emit(doc.nombre, doc); } }"
                    },
                    "buscar_por_carrera": {
                        "map": "function(doc) { if (doc.tipo === 'tutor' && doc.carrera) { emit(doc.carrera, doc); } }"
                    },
                    "buscar_por_semestre": {
                        "map": "function(doc) { if (doc.tipo === 'tutor' && doc.semestre) { emit(doc.semestre, doc); } }"
                    },
                    "buscar_por_calificacion_promedio": {
                        "map": "function(doc) { if (doc.tipo === 'tutor' && doc.calificacion_promedio) { emit(doc.calificacion_promedio, doc); } }"
                    }
                },
                "language": "javascript"
            }
        },
        {
            "id": "_design/usuarios",
            "key": "_design/usuarios",
            "value": {
                "rev": "2-a6393a399085ebf5062006d5e218c8b4"
            },
            "doc": {
                "_id": "_design/usuarios",
                "_rev": "2-a6393a399085ebf5062006d5e218c8b4",
                "views": {
                    "buscar_por_nombre": {
                        "map": "function(doc) { if (doc.tipo === 'usuario' && doc.nombre) { emit(doc.nombre, doc); } }"
                    },
                    "buscar_por_carrera": {
                        "map": "function(doc) { if (doc.tipo === 'usuario' && doc.carrera) { emit(doc.carrera, doc); } }"
                    },
                    "buscar_por_semestre": {
                        "map": "function(doc) { if (doc.tipo === 'usuario' && doc.semestre) { emit(doc.semestre, doc); } }"
                    }
                },
                "language": "javascript"
            }
        }
            ]

}